<?xml version="1.0"?>
<config version="8.0.0" urldb="paloaltonetworks">
  <mgt-config>
    <users>
      <entry name="admin">
        <phash>*</phash>
        <permissions>
          <role-based>
            <superuser>yes</superuser>
          </role-based>
        </permissions>
      </entry>
      <entry name="fwadmin">
        <phash>$1$gyvukcrb$FiLvkNm1E3wFXBRQdbax/1</phash>
        <permissions>
          <role-based>
            <superuser>yes</superuser>
          </role-based>
        </permissions>
      </entry>
    </users>
  </mgt-config>
  <shared>
    <application/>
    <application-group/>
    <service/>
    <service-group/>
    <botnet>
      <configuration>
        <http>
          <dynamic-dns>
            <enabled>yes</enabled>
            <threshold>5</threshold>
          </dynamic-dns>
          <malware-sites>
            <enabled>yes</enabled>
            <threshold>5</threshold>
          </malware-sites>
          <recent-domains>
            <enabled>yes</enabled>
            <threshold>5</threshold>
          </recent-domains>
          <ip-domains>
            <enabled>yes</enabled>
            <threshold>10</threshold>
          </ip-domains>
          <executables-from-unknown-sites>
            <enabled>yes</enabled>
            <threshold>5</threshold>
          </executables-from-unknown-sites>
        </http>
        <other-applications>
          <irc>yes</irc>
        </other-applications>
        <unknown-applications>
          <unknown-tcp>
            <destinations-per-hour>10</destinations-per-hour>
            <sessions-per-hour>10</sessions-per-hour>
            <session-length>
              <maximum-bytes>100</maximum-bytes>
              <minimum-bytes>50</minimum-bytes>
            </session-length>
          </unknown-tcp>
          <unknown-udp>
            <destinations-per-hour>10</destinations-per-hour>
            <sessions-per-hour>10</sessions-per-hour>
            <session-length>
              <maximum-bytes>100</maximum-bytes>
              <minimum-bytes>50</minimum-bytes>
            </session-length>
          </unknown-udp>
        </unknown-applications>
      </configuration>
      <report>
        <topn>100</topn>
        <scheduled>yes</scheduled>
      </report>
    </botnet>
  </shared>
  <devices>
    <entry name="localhost.localdomain">
      <network>
        <interface>
          <ethernet>
            <entry name="ethernet1/1">
              <layer3>
                <dhcp-client>
                  <create-default-route>yes</create-default-route>
                </dhcp-client>
                <ipv6>
                  <neighbor-discovery>
                    <router-advertisement>
                      <enable>no</enable>
                    </router-advertisement>
                  </neighbor-discovery>
                </ipv6>
                <ndp-proxy>
                  <enabled>no</enabled>
                </ndp-proxy>
                <interface-management-profile>ssh-healthprobe</interface-management-profile>
                <lldp>
                  <enable>no</enable>
                </lldp>
              </layer3>
            </entry>
            <entry name="ethernet1/2">
              <layer3>
                <dhcp-client>
                  <create-default-route>yes</create-default-route>
                </dhcp-client>
                <ipv6>
                  <neighbor-discovery>
                    <router-advertisement>
                      <enable>no</enable>
                    </router-advertisement>
                  </neighbor-discovery>
                </ipv6>
                <ndp-proxy>
                  <enabled>no</enabled>
                </ndp-proxy>
                <interface-management-profile>ssh-healthprobe</interface-management-profile>
                <lldp>
                  <enable>no</enable>
                </lldp>
              </layer3>
            </entry>
          </ethernet>
        </interface>
        <profiles>
          <monitor-profile>
            <entry name="default">
              <interval>3</interval>
              <threshold>5</threshold>
              <action>wait-recover</action>
            </entry>
          </monitor-profile>
          <interface-management-profile>
            <entry name="ssh-healthprobe">
              <permitted-ip>
                <entry name="168.63.129.16"/>
              </permitted-ip>
              <ssh>yes</ssh>
            </entry>
          </interface-management-profile>
        </profiles>
        <ike>
          <crypto-profiles>
            <ike-crypto-profiles>
              <entry name="default">
                <encryption>
                  <member>aes-128-cbc</member>
                  <member>3des</member>
                </encryption>
                <hash>
                  <member>sha1</member>
                </hash>
                <dh-group>
                  <member>group2</member>
                </dh-group>
                <lifetime>
                  <hours>8</hours>
                </lifetime>
              </entry>
              <entry name="Suite-B-GCM-128">
                <encryption>
                  <member>aes-128-cbc</member>
                </encryption>
                <hash>
                  <member>sha256</member>
                </hash>
                <dh-group>
                  <member>group19</member>
                </dh-group>
                <lifetime>
                  <hours>8</hours>
                </lifetime>
              </entry>
              <entry name="Suite-B-GCM-256">
                <encryption>
                  <member>aes-256-cbc</member>
                </encryption>
                <hash>
                  <member>sha384</member>
                </hash>
                <dh-group>
                  <member>group20</member>
                </dh-group>
                <lifetime>
                  <hours>8</hours>
                </lifetime>
              </entry>
            </ike-crypto-profiles>
            <ipsec-crypto-profiles>
              <entry name="default">
                <esp>
                  <encryption>
                    <member>aes-128-cbc</member>
                    <member>3des</member>
                  </encryption>
                  <authentication>
                    <member>sha1</member>
                  </authentication>
                </esp>
                <dh-group>group2</dh-group>
                <lifetime>
                  <hours>1</hours>
                </lifetime>
              </entry>
              <entry name="Suite-B-GCM-128">
                <esp>
                  <encryption>
                    <member>aes-128-gcm</member>
                  </encryption>
                  <authentication>
                    <member>none</member>
                  </authentication>
                </esp>
                <dh-group>group19</dh-group>
                <lifetime>
                  <hours>1</hours>
                </lifetime>
              </entry>
              <entry name="Suite-B-GCM-256">
                <esp>
                  <encryption>
                    <member>aes-256-gcm</member>
                  </encryption>
                  <authentication>
                    <member>none</member>
                  </authentication>
                </esp>
                <dh-group>group20</dh-group>
                <lifetime>
                  <hours>1</hours>
                </lifetime>
              </entry>
            </ipsec-crypto-profiles>
            <global-protect-app-crypto-profiles>
              <entry name="default">
                <encryption>
                  <member>aes-128-cbc</member>
                </encryption>
                <authentication>
                  <member>sha1</member>
                </authentication>
              </entry>
            </global-protect-app-crypto-profiles>
          </crypto-profiles>
        </ike>
        <qos>
          <profile>
            <entry name="default">
              <class>
                <entry name="class1">
                  <priority>real-time</priority>
                </entry>
                <entry name="class2">
                  <priority>high</priority>
                </entry>
                <entry name="class3">
                  <priority>high</priority>
                </entry>
                <entry name="class4">
                  <priority>medium</priority>
                </entry>
                <entry name="class5">
                  <priority>medium</priority>
                </entry>
                <entry name="class6">
                  <priority>low</priority>
                </entry>
                <entry name="class7">
                  <priority>low</priority>
                </entry>
                <entry name="class8">
                  <priority>low</priority>
                </entry>
              </class>
            </entry>
          </profile>
        </qos>
        <virtual-router>
          <entry name="vr-untrust">
            <protocol>
              <bgp>
                <enable>no</enable>
                <dampening-profile>
                  <entry name="default">
                    <cutoff>1.25</cutoff>
                    <reuse>0.5</reuse>
                    <max-hold-time>900</max-hold-time>
                    <decay-half-life-reachable>300</decay-half-life-reachable>
                    <decay-half-life-unreachable>900</decay-half-life-unreachable>
                    <enable>yes</enable>
                  </entry>
                </dampening-profile>
                <routing-options>
                  <graceful-restart>
                    <enable>yes</enable>
                  </graceful-restart>
                </routing-options>
              </bgp>
            </protocol>
            <interface>
              <member>ethernet1/1</member>
            </interface>
            <ecmp>
              <algorithm>
                <ip-modulo/>
              </algorithm>
            </ecmp>
            <routing-table>
              <ip>
                <static-route>
                  <entry name="internet default">
                    <nexthop>
                      <ip-address>172.22.1.1</ip-address>
                    </nexthop>
                    <bfd>
                      <profile>None</profile>
                    </bfd>
                    <path-monitor>
                      <enable>no</enable>
                      <failure-condition>any</failure-condition>
                      <hold-time>2</hold-time>
                    </path-monitor>
                    <interface>ethernet1/1</interface>
                    <metric>10</metric>
                    <destination>0.0.0.0/0</destination>
                    <route-table>
                      <unicast/>
                    </route-table>
                  </entry>
                  <entry name="vnet">
                    <nexthop>
                      <next-vr>vr-trust</next-vr>
                    </nexthop>
                    <bfd>
                      <profile>None</profile>
                    </bfd>
                    <path-monitor>
                      <enable>no</enable>
                      <failure-condition>any</failure-condition>
                      <hold-time>2</hold-time>
                    </path-monitor>
                    <metric>10</metric>
                    <destination>172.22.0.0/16</destination>
                    <route-table>
                      <unicast/>
                    </route-table>
                  </entry>
                  <entry name="s-untrust">
                    <path-monitor>
                      <enable>no</enable>
                      <failure-condition>any</failure-condition>
                      <hold-time>2</hold-time>
                    </path-monitor>
                    <nexthop>
                      <ip-address>172.22.1.1</ip-address>
                    </nexthop>
                    <bfd>
                      <profile>None</profile>
                    </bfd>
                    <interface>ethernet1/1</interface>
                    <metric>10</metric>
                    <destination>172.22.1.0/24</destination>
                    <route-table>
                      <unicast/>
                    </route-table>
                  </entry>
                </static-route>
              </ip>
            </routing-table>
          </entry>
          <entry name="vr-trust">
            <ecmp>
              <algorithm>
                <ip-modulo/>
              </algorithm>
            </ecmp>
            <protocol>
              <bgp>
                <routing-options>
                  <graceful-restart>
                    <enable>yes</enable>
                  </graceful-restart>
                </routing-options>
                <enable>no</enable>
              </bgp>
            </protocol>
            <interface>
              <member>ethernet1/2</member>
            </interface>
            <routing-table>
              <ip>
                <static-route>
                  <entry name="internet default">
                    <nexthop>
                      <next-vr>vr-untrust</next-vr>
                    </nexthop>
                    <bfd>
                      <profile>None</profile>
                    </bfd>
                    <path-monitor>
                      <enable>no</enable>
                      <failure-condition>any</failure-condition>
                      <hold-time>2</hold-time>
                    </path-monitor>
                    <metric>10</metric>
                    <destination>0.0.0.0/0</destination>
                    <route-table>
                      <unicast/>
                    </route-table>
                  </entry>
                  <entry name="vnet">
                    <nexthop>
                      <ip-address>172.22.2.1</ip-address>
                    </nexthop>
                    <bfd>
                      <profile>None</profile>
                    </bfd>
                    <path-monitor>
                      <enable>no</enable>
                      <failure-condition>any</failure-condition>
                      <hold-time>2</hold-time>
                    </path-monitor>
                    <interface>ethernet1/2</interface>
                    <metric>10</metric>
                    <destination>172.22.0.0/16</destination>
                    <route-table>
                      <unicast/>
                    </route-table>
                  </entry>
                  <entry name="lb-healthprobe">
                    <nexthop>
                      <ip-address>172.22.2.1</ip-address>
                    </nexthop>
                    <bfd>
                      <profile>None</profile>
                    </bfd>
                    <path-monitor>
                      <enable>no</enable>
                      <failure-condition>any</failure-condition>
                      <hold-time>2</hold-time>
                    </path-monitor>
                    <interface>ethernet1/2</interface>
                    <metric>10</metric>
                    <destination>168.63.129.16/32</destination>
                    <route-table>
                      <unicast/>
                    </route-table>
                  </entry>
                  <entry name="s-untrust">
                    <path-monitor>
                      <enable>no</enable>
                      <failure-condition>any</failure-condition>
                      <hold-time>2</hold-time>
                    </path-monitor>
                    <nexthop>
                      <next-vr>vr-untrust</next-vr>
                    </nexthop>
                    <bfd>
                      <profile>None</profile>
                    </bfd>
                    <metric>10</metric>
                    <destination>172.22.1.0/24</destination>
                    <route-table>
                      <unicast/>
                    </route-table>
                  </entry>
                </static-route>
              </ip>
            </routing-table>
          </entry>
        </virtual-router>
      </network>
      <deviceconfig>
        <system>
          <type>
            <dhcp-client>
              <send-hostname>yes</send-hostname>
              <send-client-id>no</send-client-id>
              <accept-dhcp-hostname>no</accept-dhcp-hostname>
              <accept-dhcp-domain>no</accept-dhcp-domain>
            </dhcp-client>
          </type>
          <update-server>updates.paloaltonetworks.com</update-server>
          <update-schedule>
            <threats>
              <recurring>
                <weekly>
                  <day-of-week>wednesday</day-of-week>
                  <at>01:02</at>
                  <action>download-only</action>
                </weekly>
              </recurring>
            </threats>
          </update-schedule>
          <timezone>US/Eastern</timezone>
          <service>
            <disable-telnet>yes</disable-telnet>
            <disable-http>yes</disable-http>
          </service>
          <hostname>pa-vm</hostname>
          <dns-setting>
            <servers>
              <primary>168.63.129.16</primary>
            </servers>
          </dns-setting>
          <ntp-servers>
            <primary-ntp-server>
              <ntp-server-address>pool.ntp.org</ntp-server-address>
              <authentication-type>
                <none/>
              </authentication-type>
            </primary-ntp-server>
          </ntp-servers>
        </system>
        <setting>
          <config>
            <rematch>yes</rematch>
          </config>
          <management>
            <hostname-type-in-syslog>FQDN</hostname-type-in-syslog>
            <initcfg>
              <type>
                <dhcp-client>
                  <send-hostname>yes</send-hostname>
                  <send-client-id>no</send-client-id>
                  <accept-dhcp-hostname>no</accept-dhcp-hostname>
                  <accept-dhcp-domain>no</accept-dhcp-domain>
                </dhcp-client>
              </type>
              <username>fwadmin</username>
              <hostname>pa-vm</hostname>
            </initcfg>
          </management>
        </setting>
      </deviceconfig>
      <vsys>
        <entry name="vsys1">
          <application/>
          <application-group/>
          <zone>
            <entry name="untrust">
              <network>
                <layer3>
                  <member>ethernet1/1</member>
                </layer3>
              </network>
            </entry>
            <entry name="trust">
              <network>
                <layer3>
                  <member>ethernet1/2</member>
                </layer3>
              </network>
            </entry>
          </zone>
          <service/>
          <service-group/>
          <schedule/>
          <rulebase>
            <security>
              <rules>
                <entry name="App Updates">
                  <from>
                    <member>trust</member>
                  </from>
                  <to>
                    <member>untrust</member>
                  </to>
                  <source>
                    <member>any</member>
                  </source>
                  <source-user>
                    <member>any</member>
                  </source-user>
                  <hip-profiles>
                    <member>any</member>
                  </hip-profiles>
                  <destination>
                    <member>any</member>
                  </destination>
                  <application>
                    <member>any</member>
                  </application>
                  <service>
                    <member>application-default</member>
                  </service>
                  <category>
                    <member>any</member>
                  </category>
                  <action>allow</action>
                  <log-start>no</log-start>
                  <log-end>yes</log-end>
                  <description>Allow outbound access</description>
                  <rule-type>universal</rule-type>
                </entry>
                <entry name="Inbound HTTP">
                  <from>
                    <member>untrust</member>
                  </from>
                  <to>
                    <member>trust</member>
                  </to>
                  <source>
                    <member>any</member>
                  </source>
                  <source-user>
                    <member>any</member>
                  </source-user>
                  <hip-profiles>
                    <member>any</member>
                  </hip-profiles>
                  <destination>
                    <member>any</member>
                  </destination>
                  <application>
                    <member>web-browsing</member>
                  </application>
                  <service>
                    <member>application-default</member>
                  </service>
                  <category>
                    <member>any</member>
                  </category>
                  <action>allow</action>
                  <log-start>no</log-start>
                  <log-end>yes</log-end>
                  <description>Allow Inbound HTTP access</description>
                  <rule-type>universal</rule-type>
                </entry>
                <entry name="Trust Health Probe">
                  <to>
                    <member>trust</member>
                  </to>
                  <from>
                    <member>trust</member>
                  </from>
                  <source>
                    <member>168.63.129.16</member>
                  </source>
                  <destination>
                    <member>any</member>
                  </destination>
                  <source-user>
                    <member>any</member>
                  </source-user>
                  <category>
                    <member>any</member>
                  </category>
                  <application>
                    <member>ssh</member>
                  </application>
                  <service>
                    <member>application-default</member>
                  </service>
                  <hip-profiles>
                    <member>any</member>
                  </hip-profiles>
                  <action>allow</action>
                </entry>
                <entry name="Untrust Health Probe">
                  <to>
                    <member>untrust</member>
                  </to>
                  <from>
                    <member>untrust</member>
                  </from>
                  <source>
                    <member>168.63.129.16</member>
                  </source>
                  <destination>
                    <member>any</member>
                  </destination>
                  <source-user>
                    <member>any</member>
                  </source-user>
                  <category>
                    <member>any</member>
                  </category>
                  <application>
                    <member>ssh</member>
                  </application>
                  <service>
                    <member>application-default</member>
                  </service>
                  <hip-profiles>
                    <member>any</member>
                  </hip-profiles>
                  <action>allow</action>
                </entry>
              </rules>
            </security>
            <nat>
              <rules>
                <entry name="Outbound NAT">
                  <nat-type>ipv4</nat-type>
                  <from>
                    <member>trust</member>
                  </from>
                  <to>
                    <member>untrust</member>
                  </to>
                  <to-interface>any</to-interface>
                  <service>any</service>
                  <source>
                    <member>any</member>
                  </source>
                  <destination>
                    <member>any</member>
                  </destination>
                  <source-translation>
                    <dynamic-ip-and-port>
                      <interface-address>
                        <interface>ethernet1/1</interface>
                      </interface-address>
                    </dynamic-ip-and-port>
                  </source-translation>
                </entry>
              </rules>
            </nat>
          </rulebase>
          <import>
            <network>
              <interface>
                <member>ethernet1/1</member>
                <member>ethernet1/2</member>
              </interface>
            </network>
          </import>
        </entry>
      </vsys>
    </entry>
  </devices>
</config>
